الرمز,الاسم,Aroon Up,Aroon Down,Aroon Oscillator,MACD,MACD Signal,MACD Histogram,Parabolic SAR,CMF,PPO,ROC,EOM
2222,أرامكو السعودية,60,20,40,0.162,0.138,0.024,27.24,0.152,0.493,0.66,0.329
1120,الراجحي,22,75,-53,-0.269,-0.214,-0.055,93.61,-0.027,-0.326,-0.7,-0.217
2010,سابك,9,86,-77,-0.476,-0.36,-0.116,68.86,-0.126,-0.799,-1.01,-0.532
7010,اس تي سي,0,90,-90,-0.377,-0.235,-0.142,42.27,-0.193,-1.138,-1.67,-0.759
1180,الأهلي,43,64,-21,-0.099,-0.094,-0.005,35.56,-0.036,-0.376,-1.04,-0.25
2280,المراعي,33,66,-33,-0.01,-0.005,-0.005,54.26,0.013,-0.111,-0.35,-0.074
4190,جرير,89,8,81,0.081,0.071,0.01,13.77,0.167,0.858,1.22,0.572
1211,معادن,91,0,91,0.432,0.299,0.133,48.35,0.189,1.057,1.97,0.704
2082,أكوا باور,100,0,100,4.087,2.869,1.218,404.31,0.239,1.194,1.65,0.796
4013,سليمان الحبيب,53,31,22,0.717,0.491,0.226,289.67,0.046,0.312,0.67,0.208
1150,الإنماء,77,23,54,0.104,0.086,0.018,26.99,0.084,0.477,0.81,0.318
2380,بترو رابغ,75,28,47,0.059,0.05,0.009,7.74,0.065,0.453,0.38,0.302
