الرمز,الاسم,اختراق متوسط 10,تقاطع متوسط 5 مع 20,اختراق MACD للصفر,تقاطع MACD,تقاطع Stochastic,تقاطع Aroon,تقاطع ADX,غيمة جدية,اختراق الغيمة,اختراق Kijun,تقاطع Tenken مع Kijun,انعكاس Parabolic SAR,فجوة سعرية
2222,أرامكو السعودية,صاعد,صاعد,,,,,,,صاعد,,,,
1120,الراجحي,,,,,,,,,,,,هابط,
2010,سابك,هابط,صاعد,,,هابط,,هابط,,صاعد,,,,
7010,اس تي سي,,,,,هابط,,صاعد,,,,,هابط,
1180,الأهلي,,,,هابط,,,,نعم,,,,صاعد,
2280,المراعي,,,صاعد,,هابط,هابط,,,,,,,
4190,جرير,صاعد,هابط,,صاعد,,,,,صاعد,,,,
1211,معادن,صاعد,,,,هابط,,هابط,,هابط,صاعد,صاعد,صاعد,
2082,أكوا باور,صاعد,هابط,صاعد,,,,صاعد,,,صاعد,,,
4013,سليمان الحبيب,صاعد,هابط,,,,,,,,,,,
1150,الإنماء,صاعد,,,,صاعد,صاعد,,,,هابط,,,
2380,بترو رابغ,,صاعد,هابط,,,,هابط,,صاعد,,,,فجوة صاعدة
