الرمز,الاسم,الغيمة,السعر مع الغيمة,السعر مع Kijun Sen,Tenken Sen مع Kijun Sen
2222,أرامكو السعودية,إيجابية,فوق الغيمة,فوق,فوق
1120,الراجحي,سلبية,تحت الغيمة,تحت,تحت
2010,سابك,سلبية,تحت الغيمة,تحت,تحت
7010,اس تي سي,سلبية,تحت الغيمة,تحت,تحت
1180,الأهلي,سلبية,تحت الغيمة,تحت,تحت
2280,المراعي,سلبية,داخل الغيمة,تحت,تحت
4190,جرير,إيجابية,فوق الغيمة,فوق,فوق
1211,معادن,إيجابية,فوق الغيمة,فوق,فوق
2082,أكوا باور,إيجابية,فوق الغيمة,فوق,فوق
4013,سليمان الحبيب,إيجابية,فوق الغيمة,فوق,فوق
1150,الإنماء,إيجابية,فوق الغيمة,فوق,فوق
2380,بترو رابغ,إيجابية,فوق الغيمة,فوق,فوق
