الوقت,الرمز,الاسم,حجم الشراء,قيمة الشراء,صفقات الشراء,حجم البيع,قيمة البيع,صفقات البيع,صافي السيولة,نسبة السيولة %
14:59:20,2222,أرامكو السعودية,104386,2878969,169,63091,1740066,117,1138904,62.33
15:04:20,2222,أرامكو السعودية,100037,2759022,162,67967,1874549,112,884472,59.54
15:09:20,2222,أرامكو السعودية,135106,3726250,219,112292,3097034,152,629216,54.61
15:14:20,2222,أرامكو السعودية,95439,2632233,154,58442,1611849,107,1020384,62.02
15:19:20,2222,أرامكو السعودية,72256,1992838,117,50806,1401251,81,591588,58.71
14:59:20,1120,الراجحي,53195,4939161,333,89878,8345219,485,-3406057,37.18
15:04:20,1120,الراجحي,53247,4944007,334,63294,5876867,485,-932861,45.69
15:09:20,1120,الراجحي,76067,7062878,477,89073,8270503,693,-1207625,46.06
15:14:20,1120,الراجحي,86582,8039214,543,136835,12705152,789,-4665938,38.75
15:19:20,1120,الراجحي,114991,10676947,721,183879,17073202,1048,-6396255,38.48
14:59:20,2010,سابك,87106,5880546,168,190288,12846406,412,-6965860,31.4
15:04:20,2010,سابك,100097,6757604,193,261190,17632963,473,-10875359,27.71
15:09:20,2010,سابك,126099,8512960,244,269918,18222178,596,-9709218,31.84
15:14:20,2010,سابك,99341,6706512,192,248406,16769898,469,-10063386,28.57
15:19:20,2010,سابك,87873,5932328,170,239825,16190608,415,-10258280,26.82
14:59:20,7010,اس تي سي,4376,179885,131,56912,2339109,1674,-2159224,7.14
15:04:20,7010,اس تي سي,2801,115153,84,28970,1190691,1071,-1075538,8.82
15:09:20,7010,اس تي سي,4878,200523,146,49677,2041745,1866,-1841222,8.94
15:14:20,7010,اس تي سي,3462,142329,104,38127,1567020,1324,-1424691,8.33
15:19:20,7010,اس تي سي,2691,110621,81,33468,1375574,1029,-1264953,7.44
14:59:20,1180,الأهلي,26774,943252,279,52911,1864077,483,-920824,33.6
15:04:20,1180,الأهلي,16035,564938,167,24658,868710,289,-303772,39.41
15:09:20,1180,الأهلي,15026,529376,156,30958,1090672,271,-561296,32.68
15:14:20,1180,الأهلي,14729,518909,153,28054,988347,266,-469439,34.43
15:19:20,1180,الأهلي,12010,423119,125,19025,670279,217,-247160,38.7
14:59:20,2280,المراعي,162282,8781087,279,204260,11052521,360,-2271434,44.27
15:04:20,2280,المراعي,147862,8000840,254,211366,11437017,328,-3436177,41.16
15:09:20,2280,المراعي,173665,9397058,299,257904,13955225,385,-4558167,40.24
15:14:20,2280,المراعي,144234,7804505,248,197722,10698780,320,-2894276,42.18
15:19:20,2280,المراعي,213777,11567496,368,248193,13429752,474,-1862256,46.28
14:59:20,4190,جرير,1196337,16832471,535,226080,3180952,96,13651519,84.11
15:04:20,4190,جرير,868819,12224296,388,175463,2468778,70,9755518,83.2
15:09:20,4190,جرير,1330687,18722769,595,203010,2856363,107,15866406,86.76
15:14:20,4190,جرير,1259925,17727146,564,239459,3369191,101,14357955,84.03
15:19:20,4190,جرير,730195,10273852,326,120803,1699700,58,8574152,85.8
14:59:20,1211,معادن,118773,5898289,412,24340,1208770,79,4689519,82.99
15:04:20,1211,معادن,213376,10596301,740,34602,1718346,143,8877956,86.05
15:09:20,1211,معادن,177409,8810142,616,39466,1959917,119,6850225,81.8
15:14:20,1211,معادن,184726,9173542,641,40139,1993352,124,7180191,82.15
15:19:20,1211,معادن,163690,8128884,568,34320,1704337,110,6424548,82.67
14:59:20,2082,أكوا باور,6561,2734558,285,579,241574,23,2492984,91.88
15:04:20,2082,أكوا باور,5375,2240090,233,380,158661,19,2081429,93.39
15:09:20,2082,أكوا باور,10620,4426044,461,886,369466,37,4056577,92.3
15:14:20,2082,أكوا باور,6374,2656716,276,572,238723,22,2417993,91.76
15:19:20,2082,أكوا باور,11147,4645875,484,787,328329,39,4317546,93.4
14:59:20,4013,سليمان الحبيب,29102,8496386,689,15762,4601729,397,3894658,64.87
15:04:20,4013,سليمان الحبيب,40921,11946940,969,27243,7953648,558,3993292,60.03
15:09:20,4013,سليمان الحبيب,37888,11061500,897,24677,7204590,516,3856910,60.56
15:14:20,4013,سليمان الحبيب,39660,11578967,939,18681,5454185,541,6124782,67.98
15:19:20,4013,سليمان الحبيب,45004,13138969,1066,21783,6359774,614,6779195,67.38
14:59:20,1150,الإنماء,292611,7994144,313,203189,5551149,211,2442995,59.02
15:04:20,1150,الإنماء,206014,5628316,220,112259,3066933,148,2561383,64.73
15:09:20,1150,الإنماء,252147,6888667,269,156101,4264691,182,2623975,61.76
15:14:20,1150,الإنماء,328603,8977444,351,262273,7165311,237,1812133,55.61
15:19:20,1150,الإنماء,277662,7585731,297,204891,5597647,200,1988084,57.54
14:59:20,2380,بترو رابغ,900340,7049667,466,386846,3029007,239,4020661,69.95
15:04:20,2380,بترو رابغ,1131912,8862877,586,495264,3877921,301,4984956,69.56
15:09:20,2380,بترو رابغ,829582,6495634,429,457724,3583980,220,2911654,64.44
15:14:20,2380,بترو رابغ,1154237,9037676,597,542577,4248385,306,4789291,68.02
15:19:20,2380,بترو رابغ,830138,6499985,429,384495,3010597,220,3489388,68.34
