الرمز,الاسم,المتوسط 3,المتوسط 5,المتوسط 10,المتوسط 20,المتوسط 50,المتوسط 100,المتوسط 200,إشارات إيجابية,إشارات سلبية
2222,أرامكو السعودية,27.49,27.59,27.45,27.29,27.34,27.14,27.12,6,1
1120,الراجحي,92.71,92.78,93.39,93.41,93.51,93.36,93.97,2,5
2010,سابك,67.63,67.92,67.84,68.37,68.71,69.24,69.88,0,7
7010,اس تي سي,41.29,41.22,41.64,41.74,41.95,42.43,42.9,0,7
1180,الأهلي,35.3,35.2,35.44,35.3,35.42,35.51,35.78,1,6
2280,المراعي,54.15,54.08,54.14,54.22,54.22,54.36,54.47,1,6
4190,جرير,14.03,13.98,14.02,13.9,13.79,13.69,13.53,7,0
1211,معادن,49.56,49.31,49.42,48.79,48.56,48.26,47.45,7,0
2082,أكوا باور,415.44,414.46,414.04,409.3,405.89,403.6,396.94,7,0
4013,سليمان الحبيب,290.73,290.4,291.14,291.6,289.9,289.22,288.74,7,0
1150,الإنماء,27.19,27.22,27.2,27.21,27.14,26.97,26.77,7,0
2380,بترو رابغ,7.82,7.79,7.82,7.81,7.76,7.75,7.69,7,0
