الرمز,الاسم,RSI,Stochastic D,Stochastic K,StochRSI,CCI,MFI,W%R
2222,أرامكو السعودية,66.5,66.8,70.9,0.74,61.6,68.3,-29.1
1120,الراجحي,46.43,30.89,36.11,0.38,-40.7,42.0,-63.9
2010,سابك,36.16,24.71,26.96,0.24,-99.8,29.9,-73.0
7010,اس تي سي,12.17,11.13,15.78,0.11,-142.2,7.2,-84.2
1180,الأهلي,39.42,37.15,42.88,0.44,-46.9,46.5,-57.1
2280,المراعي,53.4,41.03,48.34,0.38,-13.8,55.7,-51.7
4190,جرير,70.91,75.93,83.05,0.75,107.2,72.3,-17.0
1211,معادن,75.73,78.88,85.42,0.87,132.1,82.6,-14.6
2082,أكوا باور,89.56,80.86,86.76,0.89,149.3,90.6,-13.2
4013,سليمان الحبيب,48.29,53.18,54.95,0.61,39.0,46.2,-45.0
1150,الإنماء,53.66,58.6,65.82,0.66,59.6,48.6,-34.2
2380,بترو رابغ,62.98,60.6,61.39,0.53,56.6,61.5,-38.6
