الوقت,الرمز,الاسم,السعر,التغير %,الصفقات,صفقات الشراء,صفقات البيع,الحجم,حجم الشراء,حجم البيع,القيمة,قيمة الشراء,قيمة البيع
15:19:20,2222,أرامكو السعودية,27.58,0.66,1586,936,650,975804,576425,399379,26912697,15897823,11014874
15:19:20,1120,الراجحي,92.85,-0.7,6479,2641,3838,1032178,420895,611283,95837768,39080159,56757609
15:19:20,2010,سابك,67.51,-1.01,3046,885,2161,1571335,456826,1114509,106080836,30840327,75240509
15:19:20,7010,اس تي سي,41.1,-1.67,8142,594,7548,270355,19732,250623,11111621,810991,10300630
15:19:20,1180,الأهلي,35.23,-1.04,2791,1021,1770,267598,97916,169682,9427487,3449590,5977897
15:19:20,2280,المراعي,54.11,-0.35,3071,1342,1729,1780183,778255,1001928,96325718,42111406,54214312
15:19:20,4190,جرير,14.07,1.22,2686,2276,410,5997829,5083643,914186,84389467,71526869,12862598
15:19:20,1211,معادن,49.66,1.97,3394,2843,551,977413,818746,158667,48538361,40658993,7879368
15:19:20,2082,أكوا باور,416.75,1.65,1910,1765,145,43960,40623,3337,18320725,16930358,1390368
15:19:20,4013,سليمان الحبيب,291.95,0.67,6286,3989,2297,265284,168351,96933,77449681,49150162,28299519
15:19:20,1150,الإنماء,27.32,0.81,2179,1301,878,2034875,1215076,819799,55592800,33195901,22396899
15:19:20,2380,بترو رابغ,7.83,0.38,3734,2467,1267,7209995,4763812,2446183,56454264,37300652,19153612
