الوقت,الرمز,حجم آخر,السعر,القيمة,الاتجاه,العدد
15:13:20,2222,2510,27.58,69226,0,6
15:13:29,2222,4433,27.58,122262,-1,1
15:15:32,2222,483,27.59,13326,1,4
15:15:38,2222,3399,27.59,93778,0,11
15:12:08,2222,221,27.59,6097,1,15
15:14:40,2222,4205,27.6,116058,1,7
15:13:40,2222,520,27.59,14347,-1,7
15:08:53,2222,1359,27.59,37495,1,7
15:10:16,2222,4657,27.59,128487,0,6
15:09:00,2222,1062,27.59,29301,-1,1
15:15:20,2222,3864,27.58,106569,-1,11
15:15:57,2222,3747,27.58,103342,-1,7
15:10:56,2222,4292,27.58,118373,-1,2
15:12:08,2222,227443,27.59,6275152,1,7
15:14:34,2222,653,27.58,18010,-1,8
15:11:00,2222,856,27.57,23600,-1,14
15:16:56,2222,1204,27.56,33182,-1,9
15:17:02,2222,3667,27.57,101099,1,11
15:16:46,2222,3460,27.57,95392,1,7
15:14:47,2222,4205,27.57,115932,-1,5
15:15:20,2222,1199,27.56,33044,-1,8
15:13:00,2222,3133,27.55,86314,-1,15
15:17:32,2222,222,27.54,6114,-1,15
15:16:30,2222,747,27.55,20580,1,9
15:15:04,2222,1235,27.54,34012,-1,7
15:17:20,2222,3574,27.54,98428,1,13
15:15:08,2222,991,27.54,27292,1,2
15:17:49,2222,3546,27.55,97692,1,14
15:15:44,2222,4452,27.55,122653,1,2
15:18:25,2222,269,27.56,7414,1,14
15:17:00,2222,3295,27.55,90777,-1,9
15:18:08,2222,1555,27.54,42825,-1,6
15:17:36,2222,3470,27.53,95529,-1,14
15:18:45,2222,871,27.53,23979,0,4
15:17:50,2222,3857,27.53,106183,1,6
15:18:05,2222,1382,27.54,38060,1,15
15:18:48,2222,2620,27.53,72129,-1,8
15:18:26,2222,2280,27.53,62768,0,12
15:18:50,2222,1594,27.54,43899,1,15
15:19:14,2222,204705,27.54,5637576,-1,5
15:08:40,1120,3306,92.87,307028,1,2
15:10:53,1120,3901,92.87,362286,0,13
15:11:06,1120,158925,92.87,14759365,0,15
15:12:33,1120,3874,92.83,359623,-1,2
15:10:56,1120,3493,92.84,324290,1,5
15:11:45,1120,2569,92.88,238609,1,6
15:09:42,1120,2337,92.88,217061,0,2
15:15:29,1120,4195,92.91,389757,1,7
15:16:40,1120,3202,92.93,297562,1,15
15:11:35,1120,1897,92.91,176250,-1,9
15:09:50,1120,4965,92.89,461199,-1,1
15:10:09,1120,3633,92.87,337397,-1,11
15:11:24,1120,787,92.91,73120,1,10
15:12:08,1120,2181,92.91,202637,0,8
15:14:34,1120,3041,92.88,282448,-1,3
15:16:00,1120,397,92.88,36873,0,11
15:12:08,1120,389,92.88,36130,1,1
15:12:03,1120,3280,92.87,304614,-1,7
15:14:56,1120,419,92.91,38929,1,3
15:16:53,1120,4073,92.91,378422,0,13
15:16:20,1120,4732,92.93,439745,1,12
15:13:57,1120,300,92.93,27879,0,5
15:14:50,1120,2891,92.93,268661,0,1
15:15:39,1120,116438,92.88,10814761,-1,1
15:15:04,1120,3747,92.87,347984,-1,12
15:17:05,1120,3499,92.87,324952,0,9
15:17:56,1120,234054,92.89,21741276,1,3
15:16:31,1120,1973,92.89,183272,0,2
15:15:32,1120,4865,92.89,451910,-1,1
15:17:08,1120,3160,92.93,293659,1,13
15:16:00,1120,1504,92.93,139767,0,15
15:17:59,1120,222,92.93,20630,-1,1
15:18:32,1120,3725,92.9,346052,-1,6
15:18:45,1120,3207,92.88,297866,-1,7
15:17:56,1120,1525,92.88,141642,0,13
15:18:40,1120,1414,92.9,131361,1,2
15:18:28,1120,3254,92.87,302199,-1,12
15:18:50,1120,2632,92.88,244460,1,10
15:18:58,1120,1306,92.88,121301,0,8
15:19:08,1120,219334,92.87,20369549,-1,8
15:07:20,2010,4629,67.52,312550,1,2
15:07:38,2010,4918,67.49,331916,-1,6
15:07:18,2010,2288,67.46,154348,-1,14
15:11:56,2010,4318,67.45,291249,-1,15
15:09:44,2010,1243,67.45,83840,0,11
15:08:50,2010,2236,67.46,150841,1,8
15:11:24,2010,3179,67.44,214392,-1,11
15:14:23,2010,2710,67.44,182762,-1,11
15:09:44,2010,2482,67.45,167411,1,5
15:11:35,2010,159508,67.45,10758815,0,12
15:15:20,2010,4714,67.42,317818,-1,3
15:09:40,2010,163689,67.41,11034275,-1,5
15:15:36,2010,176,67.39,11861,-1,12
15:13:02,2010,4850,67.39,326842,0,12
15:14:08,2010,3371,67.38,227138,-1,13
15:16:00,2010,1611,67.38,108549,0,6
15:14:32,2010,1226,67.35,82571,-1,8
15:15:07,2010,759,67.33,51103,-1,14
15:12:22,2010,527,67.3,35467,-1,8
15:15:08,2010,3370,67.27,226700,-1,11
15:15:20,2010,785,67.25,52791,-1,10
15:17:45,2010,2062,67.27,138711,1,8
15:16:20,2010,4310,67.24,289804,-1,3
15:17:55,2010,1779,67.22,119584,-1,12
15:16:56,2010,4082,67.24,274474,1,1
15:18:05,2010,1080,67.22,72598,-1,12
15:17:42,2010,2261,67.22,151984,0,8
15:17:10,2010,1575,67.19,105824,-1,5
15:17:32,2010,3616,67.2,242995,1,3
15:16:46,2010,114298,67.22,7683112,1,14
15:16:30,2010,779,67.21,52357,-1,9
15:17:50,2010,3162,67.21,212518,0,4
15:18:32,2010,1816,67.18,121999,-1,14
15:18:45,2010,740,67.16,49698,-1,13
15:17:20,2010,3570,67.15,239726,-1,6
15:18:05,2010,194974,67.14,13090554,-1,8
15:18:56,2010,2066,67.12,138670,-1,9
15:18:53,2010,162115,67.11,10879538,-1,12
15:18:46,2010,1461,67.08,98004,-1,11
15:19:12,2010,2163,67.06,145051,-1,12
15:10:00,7010,3884,41.09,159594,-1,11
15:16:05,7010,2771,41.09,113860,-1,9
15:15:32,7010,162,41.09,6657,0,10
15:16:15,7010,4533,41.07,186170,-1,1
15:10:20,7010,4212,41.07,172987,0,5
15:11:45,7010,4295,41.07,176396,-1,13
15:10:50,7010,1333,41.06,54733,-1,15
15:14:56,7010,3103,41.08,127471,1,10
15:12:56,7010,1334,41.06,54774,-1,3
15:11:35,7010,4898,41.05,201063,-1,3
15:09:20,7010,4539,41.05,186326,-1,9
15:13:03,7010,4166,41.04,170973,-1,2
15:13:16,7010,1468,41.02,60217,-1,11
15:12:08,7010,4839,41.02,198496,-1,15
15:12:50,7010,1472,41.01,60367,-1,14
15:16:25,7010,1817,40.99,74479,-1,5
15:16:08,7010,1564,40.99,64108,-1,3
15:12:49,7010,4900,40.99,200851,0,6
15:12:00,7010,222845,40.98,9132188,-1,1
15:15:50,7010,542,40.97,22206,-1,11
15:14:40,7010,3430,40.97,140527,0,2
15:14:54,7010,1595,40.97,65347,-1,1
15:17:14,7010,731,40.95,29934,-1,8
15:17:55,7010,4415,40.95,180794,0,8
15:14:48,7010,536,40.95,21949,-1,8
15:15:35,7010,4143,40.94,169614,-1,15
15:17:00,7010,2989,40.94,122370,-1,4
15:15:52,7010,3213,40.92,131476,-1,7
15:15:44,7010,1876,40.92,76766,-1,13
15:15:40,7010,3874,40.91,158485,-1,13
15:17:50,7010,705,40.91,28842,0,7
15:16:29,7010,4502,40.9,184132,-1,9
15:18:08,7010,162,40.9,6626,-1,14
15:17:21,7010,1632,40.88,66716,-1,7
15:18:26,7010,123,40.87,5027,-1,14
15:18:50,7010,1620,40.85,66177,-1,12
15:19:00,7010,952,40.84,38880,-1,8
15:18:53,7010,4274,40.84,174550,-1,14
15:18:48,7010,58084,40.83,2371570,-1,8
15:19:06,7010,791,40.81,32281,-1,12
15:14:00,1180,2175,35.22,76604,-1,6
15:08:56,1180,2095,35.23,73807,1,12
15:12:22,1180,3550,35.23,125066,-1,5
15:13:10,1180,1029,35.23,36252,-1,12
15:07:56,1180,3764,35.23,132606,1,8
15:13:30,1180,387,35.22,13630,-1,10
15:14:14,1180,4567,35.2,160758,-1,11
15:09:59,1180,4444,35.2,156429,-1,7
15:10:48,1180,548,35.21,19295,1,10
15:12:06,1180,2503,35.2,88106,-1,8
15:14:20,1180,4297,35.2,151254,1,6
15:14:01,1180,4739,35.19,166765,-1,9
15:15:36,1180,3061,35.17,107655,-1,7
15:16:11,1180,4281,35.17,150563,-1,1
15:14:08,1180,236804,35.18,8330765,1,5
15:11:50,1180,2213,35.16,77809,-1,6
15:14:32,1180,660,35.16,23206,0,4
15:15:53,1180,1774,35.15,62356,-1,10
15:12:22,1180,3446,35.15,121127,0,8
15:15:08,1180,1530,35.14,53764,-1,15
15:17:40,1180,4725,35.14,166036,-1,12
15:17:07,1180,4355,35.15,153078,1,12
15:13:38,1180,4465,35.16,156989,1,3
15:17:55,1180,3896,35.15,136944,-1,7
15:14:00,1180,3613,35.13,126925,-1,13
15:16:05,1180,2327,35.14,81771,1,15
15:14:54,1180,1981,35.14,69612,-1,11
15:17:36,1180,635,35.14,22314,-1,12
15:15:32,1180,1596,35.12,56052,-1,9
15:17:30,1180,3892,35.13,136726,1,13
15:18:00,1180,576,35.12,20229,-1,7
15:17:05,1180,4976,35.13,174807,1,5
15:18:32,1180,884,35.14,31064,1,10
15:18:31,1180,404,35.14,14197,1,7
15:17:38,1180,4123,35.15,144923,1,5
15:17:55,1180,1684,35.14,59176,-1,2
15:18:52,1180,2363,35.14,83036,0,1
15:18:47,1180,3976,35.13,139677,-1,8
15:19:00,1180,4789,35.12,168190,-1,11
15:19:02,1180,4827,35.11,169476,-1,8
15:14:00,2280,1514,54.11,81923,0,2
15:12:50,2280,3965,54.12,214586,1,2
15:11:44,2280,2157,54.1,116694,-1,13
15:11:56,2280,120048,54.12,6496998,1,1
15:09:44,2280,113672,54.12,6151929,0,5
15:10:00,2280,4082,54.12,220918,0,12
15:10:16,2280,3443,54.12,186335,0,5
15:08:53,2280,2426,54.09,131222,-1,15
15:16:08,2280,109,54.12,5899,1,6
15:10:33,2280,2585,54.1,139848,-1,11
15:16:50,2280,3533,54.1,191135,0,5
15:15:28,2280,2078,54.1,112420,1,10
15:14:40,2280,3130,54.1,169333,1,1
15:17:05,2280,1856,54.09,100391,-1,10
15:15:00,2280,1751,54.11,94747,1,5
15:16:25,2280,3714,54.08,200853,-1,6
15:16:32,2280,190,54.06,10271,-1,9
15:13:12,2280,877,54.06,47411,-1,1
15:17:30,2280,3863,54.08,208911,1,14
15:15:50,2280,4597,54.06,248514,-1,9
15:15:20,2280,2573,54.06,139096,0,12
15:14:16,2280,4452,54.06,240675,-1,11
15:13:56,2280,4945,54.04,267228,-1,9
15:14:31,2280,2166,54.04,117051,0,8
15:15:52,2280,2125,54.03,114814,-1,13
15:16:50,2280,4174,54.05,225605,1,6
15:16:46,2280,4358,54.06,235593,1,9
15:15:13,2280,1496,54.06,80874,1,1
15:16:56,2280,3920,54.07,211954,1,8
15:18:14,2280,4966,54.07,268512,0,5
15:18:10,2280,1117,54.09,60419,1,15
15:17:14,2280,94723,54.11,5125462,1,1
15:17:44,2280,4131,54.09,223446,-1,12
15:17:21,2280,1805,54.09,97632,-1,1
15:18:08,2280,175158,54.06,9469041,-1,1
15:18:25,2280,961,54.07,51961,1,13
15:18:52,2280,1734,54.07,93757,1,3
15:18:47,2280,3797,54.06,205266,-1,6
15:19:10,2280,3808,54.06,205860,0,14
15:19:10,2280,1959,54.04,105864,-1,14
15:09:20,4190,2271,14.07,31953,1,9
15:12:50,4190,308,14.07,4334,1,4
15:09:50,4190,2505,14.07,35245,-1,10
15:15:01,4190,2166,14.08,30497,1,2
15:12:08,4190,4608,14.09,64927,1,8
15:11:45,4190,3564,14.09,50217,1,7
15:13:06,4190,3973,14.09,55980,1,4
15:08:53,4190,2199,14.1,31006,1,2
15:15:04,4190,1623,14.1,22884,1,2
15:16:14,4190,160,14.1,2256,0,8
15:12:20,4190,77512,14.1,1092919,1,7
15:12:05,4190,3222,14.1,45430,1,9
15:10:00,4190,627,14.1,8841,0,3
15:16:11,4190,4099,14.11,57837,1,7
15:10:40,4190,242,14.11,3415,-1,15
15:15:35,4190,4072,14.11,57456,1,13
15:11:44,4190,938,14.11,13235,1,5
15:13:58,4190,2050,14.11,28926,-1,11
15:12:44,4190,780,14.11,11006,1,15
15:17:35,4190,4212,14.11,59431,1,11
15:15:20,4190,4437,14.12,62650,1,14
15:16:48,4190,3811,14.11,53773,-1,2
15:16:56,4190,4093,14.11,57752,1,10
15:14:14,4190,1706,14.11,24072,-1,5
15:14:48,4190,4116,14.11,58077,1,4
15:15:50,4190,3529,14.12,49829,1,7
15:17:00,4190,1650,14.12,23298,1,12
15:15:00,4190,4632,14.12,65404,1,13
15:15:56,4190,1728,14.12,24399,1,9
15:18:14,4190,4511,14.12,63695,1,1
15:16:00,4190,1927,14.13,27229,1,13
15:16:56,4190,103,14.13,1455,0,11
15:18:08,4190,382,14.13,5398,1,8
15:18:10,4190,4310,14.13,60900,1,9
15:17:32,4190,209061,14.13,2954032,1,4
15:17:55,4190,3439,14.12,48559,-1,7
15:18:20,4190,85650,14.13,1210234,1,5
15:19:02,4190,352,14.13,4974,0,5
15:19:08,4190,438,14.13,6189,1,4
15:19:13,4190,1325,14.13,18722,1,11
15:14:00,1211,4529,49.64,224820,-1,11
15:15:26,1211,1062,49.65,52728,1,15
15:16:10,1211,266,49.67,13212,1,11
15:07:37,1211,4437,49.69,220475,1,7
15:07:56,1211,287,49.68,14258,-1,6
15:10:35,1211,4478,49.69,222512,1,2
15:10:50,1211,324,49.7,16103,1,2
15:14:56,1211,4216,49.7,209535,1,4
15:16:08,1211,2923,49.68,145215,-1,9
15:09:00,1211,3782,49.69,187928,1,3
15:11:20,1211,1387,49.69,68920,1,2
15:09:40,1211,4250,49.69,211182,-1,3
15:10:28,1211,2649,49.69,131629,-1,11
15:17:05,1211,4901,49.7,243580,1,14
15:15:26,1211,3409,49.68,169359,-1,14
15:11:00,1211,147,49.7,7306,1,5
15:12:32,1211,1242,49.71,61740,1,12
15:14:21,1211,4966,49.72,246910,1,6
15:14:56,1211,65254,49.74,3245734,1,5
15:17:14,1211,1176,49.76,58518,1,5
15:15:20,1211,4236,49.77,210826,1,2
15:17:45,1211,330,49.79,16431,1,7
15:17:14,1211,3929,49.8,195664,1,6
15:15:22,1211,2221,49.81,110628,1,14
15:15:36,1211,330,49.83,16444,1,10
15:17:35,1211,3625,49.84,180670,1,11
15:17:42,1211,2137,49.84,106508,0,2
15:15:00,1211,2908,49.85,144964,1,13
15:17:56,1211,2997,49.86,149430,1,7
15:17:19,1211,1469,49.86,73244,1,10
15:17:40,1211,529,49.86,26376,-1,12
15:17:59,1211,4042,49.87,201575,1,8
15:16:48,1211,2245,49.87,111958,1,1
15:18:10,1211,4459,49.89,222460,1,12
15:18:08,1211,2133,49.87,106373,-1,10
15:18:40,1211,3072,49.87,153201,0,15
15:18:48,1211,2607,49.88,130037,1,7
15:18:38,1211,164767,49.9,8221873,1,4
15:18:46,1211,1079,49.92,53864,1,4
15:19:05,1211,2319,49.94,115811,1,8
15:10:00,2082,2688,416.65,1119955,-1,2
15:12:11,2082,3847,416.65,1602853,0,12
15:14:54,2082,3058,416.76,1274452,1,8
15:09:28,2082,172172,416.59,71725133,-1,9
15:07:20,2082,1981,416.62,825324,1,11
15:13:30,2082,2610,416.59,1087300,-1,5
15:15:22,2082,1709,416.67,712089,1,11
15:09:59,2082,1056,416.78,440120,1,11
15:15:36,2082,934,416.91,389394,1,6
15:11:35,2082,1583,416.91,659969,1,13
15:10:20,2082,888,416.91,370216,0,9
15:16:26,2082,1379,416.93,574946,1,9
15:13:16,2082,4344,417.05,1811665,1,7
15:16:11,2082,3887,417.11,1621307,1,4
15:12:50,2082,2563,417.16,1069181,1,9
15:14:20,2082,225853,417.17,94219096,1,2
15:13:20,2082,3168,417.28,1321943,1,3
15:14:44,2082,1139,417.39,475407,1,12
15:13:28,2082,629,417.54,262633,1,10
15:13:02,2082,3661,417.54,1528614,0,10
15:16:20,2082,4002,417.5,1670835,-1,7
15:13:19,2082,1941,417.69,810736,1,13
15:14:32,2082,4107,417.5,1714672,-1,2
15:17:21,2082,1623,417.66,677862,1,1
15:16:56,2082,1945,417.75,812524,1,13
15:15:05,2082,1988,417.75,830487,1,11
15:16:04,2082,2923,417.79,1221200,1,13
15:18:15,2082,2576,417.97,1076691,1,8
15:16:56,2082,2409,417.99,1006938,1,2
15:16:13,2082,2104,418.04,879556,1,9
15:18:20,2082,4104,418.23,1716416,1,13
15:16:20,2082,4094,418.29,1712479,1,7
15:18:24,2082,1440,418.36,602438,1,13
15:18:31,2082,4046,418.5,1693251,1,10
15:18:08,2082,1776,418.64,743505,1,11
15:18:30,2082,2714,418.78,1136569,1,15
15:18:32,2082,1932,418.78,809083,0,11
15:18:53,2082,852,418.88,356886,1,13
15:18:42,2082,486,419.03,203649,1,11
15:19:13,2082,158357,419.03,66356334,0,13
15:06:00,4013,4848,292.01,1415664,1,6
15:08:17,4013,2371,291.96,692237,-1,9
15:10:28,4013,3647,291.93,1064669,-1,8
15:08:14,4013,1544,291.98,450817,1,15
15:10:20,4013,1383,291.98,403808,1,6
15:12:20,4013,2142,291.85,625143,-1,15
15:14:48,4013,73070,291.72,21315980,-1,5
15:11:38,4013,987,291.75,287957,1,11
15:13:28,4013,442,291.75,128954,0,4
15:10:33,4013,2043,291.82,596188,1,3
15:09:50,4013,60449,291.86,17642645,1,14
15:13:03,4013,3094,292.0,903448,1,1
15:11:24,4013,2785,292.14,813610,1,15
15:14:50,4013,640,292.25,187040,1,10
15:13:16,4013,1744,292.33,509824,1,15
15:13:55,4013,2661,292.38,778023,1,14
15:12:56,4013,984,292.28,287604,-1,4
15:13:12,4013,3469,292.39,1014301,1,7
15:15:40,4013,3594,292.4,1050886,1,9
15:12:41,4013,4729,292.32,1382381,-1,1
15:15:00,4013,2594,292.38,758434,1,14
15:13:00,4013,4546,292.43,1329387,1,3
15:14:14,4013,3722,292.43,1088424,0,6
15:14:14,4013,112063,292.44,32771704,1,2
15:16:08,4013,160677,292.38,46978741,-1,10
15:16:35,4013,1044,292.38,305245,0,2
15:15:08,4013,671,292.52,196281,1,3
15:15:52,4013,3630,292.52,1061848,0,6
15:16:08,4013,4671,292.51,1366314,-1,12
15:17:52,4013,4791,292.51,1401415,0,9
15:17:20,4013,1602,292.41,468441,-1,15
15:18:17,4013,4248,292.31,1241733,-1,7
15:18:40,4013,3712,292.36,1085240,1,5
15:18:03,4013,4568,292.27,1335089,-1,14
15:18:32,4013,3712,292.33,1085129,1,1
15:18:10,4013,3174,292.38,928014,1,15
15:18:16,4013,1040,292.46,304158,1,5
15:18:38,4013,72609,292.47,21235954,1,2
15:18:58,4013,2646,292.35,773558,-1,15
15:19:12,4013,923,292.43,269913,1,13
15:15:20,1150,241,27.32,6584,1,5
15:09:35,1150,1621,27.31,44270,-1,4
15:13:38,1150,4659,27.31,127237,0,2
15:10:42,1150,3659,27.31,99927,0,13
15:15:08,1150,2674,27.31,73027,0,4
15:15:50,1150,4931,27.31,134666,1,7
15:09:08,1150,2721,27.32,74338,1,2
15:15:29,1150,110,27.31,3004,-1,4
15:11:20,1150,4952,27.31,135239,1,13
15:15:43,1150,3440,27.31,93946,-1,6
15:13:20,1150,596,27.32,16283,1,15
15:10:09,1150,200427,27.32,5475666,1,12
15:14:12,1150,3513,27.32,95975,-1,10
15:16:11,1150,1916,27.31,52326,-1,4
15:15:26,1150,1908,27.31,52107,-1,14
15:16:25,1150,827,27.32,22594,1,15
15:16:08,1150,3436,27.33,93906,1,11
15:16:16,1150,1404,27.34,38385,1,15
15:14:34,1150,551,27.35,15070,1,14
15:16:11,1150,186080,27.34,5087427,-1,15
15:16:40,1150,697,27.34,19056,-1,8
15:17:45,1150,2857,27.34,78110,0,14
15:16:02,1150,4895,27.34,133829,-1,14
15:13:57,1150,2774,27.34,75841,1,12
15:16:40,1150,561,27.34,15338,0,12
15:17:50,1150,793,27.34,21681,1,7
15:17:14,1150,246,27.33,6723,-1,14
15:15:39,1150,2057,27.33,56218,-1,4
15:18:20,1150,1295,27.33,35392,0,4
15:18:03,1150,2195,27.32,59967,-1,13
15:16:00,1150,2114,27.33,57776,1,14
15:17:32,1150,2979,27.34,81446,1,15
15:17:28,1150,2771,27.34,75759,1,14
15:17:35,1150,2640,27.34,72178,1,2
15:18:32,1150,1756,27.34,48009,1,7
15:18:20,1150,2548,27.33,69637,-1,13
15:18:56,1150,4299,27.32,117449,-1,14
15:18:44,1150,3561,27.31,97251,-1,14
15:18:58,1150,236325,27.32,6456399,1,11
15:19:01,1150,1146,27.32,31309,0,5
15:10:40,2380,1887,7.83,14775,0,8
15:15:26,2380,809,7.83,6334,1,4
15:12:22,2380,347,7.83,2717,1,4
15:11:19,2380,496,7.83,3884,0,1
15:11:32,2380,4609,7.83,36088,0,2
15:12:55,2380,2456,7.83,19230,0,3
15:10:16,2380,2534,7.83,19841,1,7
15:11:05,2380,205211,7.83,1606802,-1,12
15:11:20,2380,4176,7.83,32698,-1,4
15:12:37,2380,1637,7.83,12818,1,7
15:11:20,2380,1972,7.83,15441,-1,1
15:13:32,2380,3374,7.83,26418,1,11
15:10:28,2380,175,7.83,1370,1,14
15:12:35,2380,217503,7.83,1703048,1,3
15:11:58,2380,3982,7.83,31179,1,4
15:16:00,2380,1275,7.83,9983,1,14
15:12:08,2380,1044,7.83,8175,1,12
15:16:16,2380,2032,7.83,15911,1,5
15:16:02,2380,194011,7.83,1519106,-1,6
15:16:53,2380,3104,7.83,24304,1,13
15:16:00,2380,2561,7.83,20053,1,5
15:17:07,2380,4319,7.83,33818,-1,11
15:15:44,2380,4683,7.83,36668,0,15
15:15:22,2380,200,7.83,1566,-1,8
15:17:12,2380,4480,7.83,35078,1,12
15:16:05,2380,4500,7.83,35235,1,5
15:16:18,2380,4367,7.83,34194,0,7
15:16:31,2380,3842,7.83,30083,1,10
15:16:20,2380,4783,7.83,37451,-1,5
15:17:52,2380,1836,7.83,14376,-1,14
15:16:00,2380,2292,7.83,17946,1,1
15:17:59,2380,3224,7.83,25244,0,15
15:17:44,2380,3961,7.83,31015,-1,4
15:18:10,2380,2987,7.83,23388,1,11
15:17:56,2380,2507,7.83,19630,1,9
15:17:40,2380,2434,7.83,19058,1,6
15:18:28,2380,2702,7.83,21157,-1,15
15:18:35,2380,287,7.83,2247,-1,7
15:18:58,2380,2001,7.83,15668,-1,8
15:19:01,2380,2072,7.83,16224,1,9
